Austen,1102,2
Austen2,11022,1
Austen3,11023,1
,,1
,,1
Cris,123,1
asdsaf,sdaasfsda,1
asdsafdsf,sdaasfsda,1
asdsafdsf,sasd,1
asdsadas,sasd,1
miltonlaxer,1102star,1
"asd","fdsfds"
"asdasfa","sd12312"
"shit","sd12312"
"saddfsa","dsfgaads","1"
"asfsd","sadasf","1"
"2145433","3243423","1"
"342","234","1"
"Austeniscool","1102","1"
"gil","c","1"
"fdad","adsf","1"
"ads","fad","1"
"ads32","adsf","1"
"1324","45132","1"
"dascds","adscsdc","1"
"afdfsvf d","dsag43t","1"
"dsdsaf","adsgfadsf","1"
"asfdgw435","43223rfdq","1"
"wed324","few34","1"
"3421234f","3142d","1"
"ads32432","34assd","1"
"32red3x","3211re","1"
"43redxsza32","t43edw","1"
"ewdq34","35r2dw","1"
"23rd","dsafads","1"
"rfdecwt65","23redwxs","1"
"dfs3wa3","fdasd","1"
"323154","32eds","1"
"43edswxaqZ","3REFWDSXA","1"
"dasfsdr","43rdwes","1"
"Astone","123","1"
"1","","1"
"4","","1"
"A","","1"
"Austens","","1"
